id_deputado,nome,partido,uf,uri
220593,Abilio Brunini,PL,MT,https://dadosabertos.camara.leg.br/api/v2/deputados/220593
204379,Acácio Favacho,MDB,AP,https://dadosabertos.camara.leg.br/api/v2/deputados/204379
220714,Adail Filho,REPUBLICANOS,AM,https://dadosabertos.camara.leg.br/api/v2/deputados/220714
221328,Adilson Barroso,PL,SP,https://dadosabertos.camara.leg.br/api/v2/deputados/221328
204560,Adolfo Viana,PSDB,BA,https://dadosabertos.camara.leg.br/api/v2/deputados/204560
204528,Adriana Ventura,NOVO,SP,https://dadosabertos.camara.leg.br/api/v2/deputados/204528
121948,Adriano do Baldy,PP,GO,https://dadosabertos.camara.leg.br/api/v2/deputados/121948
74646,Aécio Neves,PSDB,MG,https://dadosabertos.camara.leg.br/api/v2/deputados/74646
160508,Afonso Florence,PT,BA,https://dadosabertos.camara.leg.br/api/v2/deputados/160508
136811,Afonso Hamm,PP,RS,https://dadosabertos.camara.leg.br/api/v2/deputados/136811
178835,Afonso Motta,PDT,RS,https://dadosabertos.camara.leg.br/api/v2/deputados/178835
160527,Aguinaldo Ribeiro,PP,PB,https://dadosabertos.camara.leg.br/api/v2/deputados/160527
204495,Airton Faleiro,PT,PA,https://dadosabertos.camara.leg.br/api/v2/deputados/204495
204549,AJ Albuquerque,PP,CE,https://dadosabertos.camara.leg.br/api/v2/deputados/204549
73579,Alberto Fraga,PL,DF,https://dadosabertos.camara.leg.br/api/v2/deputados/73579
74696,Alberto Mourão,MDB,SP,https://dadosabertos.camara.leg.br/api/v2/deputados/74696
220538,Albuquerque,REPUBLICANOS,RR,https://dadosabertos.camara.leg.br/api/v2/deputados/220538
160559,Alceu Moreira,MDB,RS,https://dadosabertos.camara.leg.br/api/v2/deputados/160559
204501,Alencar Santana,PT,SP,https://dadosabertos.camara.leg.br/api/v2/deputados/204501
178972,Alex Manente,CIDADANIA,SP,https://dadosabertos.camara.leg.br/api/v2/deputados/178972
204571,Alex Santana,REPUBLICANOS,BA,https://dadosabertos.camara.leg.br/api/v2/deputados/204571
220542,Alexandre Guimarães,REPUBLICANOS,TO,https://dadosabertos.camara.leg.br/api/v2/deputados/220542
160545,Alexandre Leite,UNIÃO,SP,https://dadosabertos.camara.leg.br/api/v2/deputados/160545
220554,Alexandre Lindenmeyer,PT,RS,https://dadosabertos.camara.leg.br/api/v2/deputados/220554
204503,Alexandre Padilha,PT,SP,https://dadosabertos.camara.leg.br/api/v2/deputados/204503
221148,Alfredinho,PT,SP,https://dadosabertos.camara.leg.br/api/v2/deputados/221148
220576,Alfredo Gaspar,UNIÃO,AL,https://dadosabertos.camara.leg.br/api/v2/deputados/220576
74057,Alice Portugal,PCdoB,BA,https://dadosabertos.camara.leg.br/api/v2/deputados/74057
178927,Aliel Machado,PV,PR,https://dadosabertos.camara.leg.br/api/v2/deputados/178927
204353,Aline Gurgel,REPUBLICANOS,AP,https://dadosabertos.camara.leg.br/api/v2/deputados/204353
226708,Allan Garcês,PP,MA,https://dadosabertos.camara.leg.br/api/v2/deputados/226708
178937,Altineu Côrtes,PL,RJ,https://dadosabertos.camara.leg.br/api/v2/deputados/178937
178881,Aluisio Mendes,PSC,MA,https://dadosabertos.camara.leg.br/api/v2/deputados/178881
220596,Amália Barros,PL,MT,https://dadosabertos.camara.leg.br/api/v2/deputados/220596
220707,Amanda Gentil,PP,MA,https://dadosabertos.camara.leg.br/api/v2/deputados/220707
204356,Amaro Neto,REPUBLICANOS,ES,https://dadosabertos.camara.leg.br/api/v2/deputados/204356
220715,Amom Mandel,CIDADANIA,AM,https://dadosabertos.camara.leg.br/api/v2/deputados/220715
107970,Ana Paula Leão,PP,MG,https://dadosabertos.camara.leg.br/api/v2/deputados/107970
220556,Ana Paula Lima,PT,SC,https://dadosabertos.camara.leg.br/api/v2/deputados/220556
220632,Ana Pimentel,PT,MG,https://dadosabertos.camara.leg.br/api/v2/deputados/220632
178831,ANDRÉ ABDON,PP,AP,https://dadosabertos.camara.leg.br/api/v2/deputados/178831
220657,André Fernandes,PL,CE,https://dadosabertos.camara.leg.br/api/v2/deputados/220657
204423,André Ferreira,PL,PE,https://dadosabertos.camara.leg.br/api/v2/deputados/204423
133439,André Figueiredo,PDT,CE,https://dadosabertos.camara.leg.br/api/v2/deputados/133439
178882,André Fufuca,PP,MA,https://dadosabertos.camara.leg.br/api/v2/deputados/178882
204515,André Janones,AVANTE,MG,https://dadosabertos.camara.leg.br/api/v2/deputados/204515
220676,Andreia Siqueira,MDB,PA,https://dadosabertos.camara.leg.br/api/v2/deputados/220676
123756,Antônia Lúcia,REPUBLICANOS,AC,https://dadosabertos.camara.leg.br/api/v2/deputados/123756
220544,Antonio Andrade,REPUBLICANOS,TO,https://dadosabertos.camara.leg.br/api/v2/deputados/220544
160553,Antonio Brito,PSD,BA,https://dadosabertos.camara.leg.br/api/v2/deputados/160553
220638,Antonio Carlos Rodrigues,PL,SP,https://dadosabertos.camara.leg.br/api/v2/deputados/220638
220675,Antônio Doido,MDB,PA,https://dadosabertos.camara.leg.br/api/v2/deputados/220675
220549,Any Ortiz,CIDADANIA,RS,https://dadosabertos.camara.leg.br/api/v2/deputados/220549
73433,Arlindo Chinaglia,PT,SP,https://dadosabertos.camara.leg.br/api/v2/deputados/73433
141391,Arnaldo Jardim,CIDADANIA,SP,https://dadosabertos.camara.leg.br/api/v2/deputados/141391
160541,Arthur Lira,PP,AL,https://dadosabertos.camara.leg.br/api/v2/deputados/160541
160600,Arthur Oliveira Maia,UNIÃO,BA,https://dadosabertos.camara.leg.br/api/v2/deputados/160600
74090,Átila Lins,PSD,AM,https://dadosabertos.camara.leg.br/api/v2/deputados/74090
123086,Átila Lira,PP,PI,https://dadosabertos.camara.leg.br/api/v2/deputados/123086
160665,Augusto Coutinho,REPUBLICANOS,PE,https://dadosabertos.camara.leg.br/api/v2/deputados/160665
220577,Augusto Pupio,MDB,AP,https://dadosabertos.camara.leg.br/api/v2/deputados/220577
160512,Aureo Ribeiro,SOLIDARIEDADE,RJ,https://dadosabertos.camara.leg.br/api/v2/deputados/160512
69871,Bacelar,PV,BA,https://dadosabertos.camara.leg.br/api/v2/deputados/69871
178975,Baleia Rossi,MDB,SP,https://dadosabertos.camara.leg.br/api/v2/deputados/178975
220605,Bandeira de Mello,PSB,RJ,https://dadosabertos.camara.leg.br/api/v2/deputados/220605
220612,Bebeto,PTB,RJ,https://dadosabertos.camara.leg.br/api/v2/deputados/220612
73701,Benedita da Silva,PT,RJ,https://dadosabertos.camara.leg.br/api/v2/deputados/73701
109429,Benes Leocádio,UNIÃO,RN,https://dadosabertos.camara.leg.br/api/v2/deputados/109429
204358,Beto Pereira,PSDB,MS,https://dadosabertos.camara.leg.br/api/v2/deputados/204358
220698,Beto Preto,PSD,PR,https://dadosabertos.camara.leg.br/api/v2/deputados/220698
220683,Beto Richa,PSDB,PR,https://dadosabertos.camara.leg.br/api/v2/deputados/220683
204374,Bia Kicis,PL,DF,https://dadosabertos.camara.leg.br/api/v2/deputados/204374
204388,Bibo Nunes,PL,RS,https://dadosabertos.camara.leg.br/api/v2/deputados/204388
160538,Bohn Gass,PT,RS,https://dadosabertos.camara.leg.br/api/v2/deputados/160538
74052,Bosco Costa,PL,SE,https://dadosabertos.camara.leg.br/api/v2/deputados/74052
210989,Bruno Farias,AVANTE,MG,https://dadosabertos.camara.leg.br/api/v2/deputados/210989
220635,Bruno Ganem,PODE,SP,https://dadosabertos.camara.leg.br/api/v2/deputados/220635
220574,Cabo Gilberto Silva,PL,PB,https://dadosabertos.camara.leg.br/api/v2/deputados/220574
143942,Caio Vianna,PSD,RJ,https://dadosabertos.camara.leg.br/api/v2/deputados/143942
220548,Camila Jara,PT,MS,https://dadosabertos.camara.leg.br/api/v2/deputados/220548
204572,Capitão Alberto Neto,PL,AM,https://dadosabertos.camara.leg.br/api/v2/deputados/204572
220690,Capitão Alden,PL,BA,https://dadosabertos.camara.leg.br/api/v2/deputados/220690
178829,Capitão Augusto,PL,SP,https://dadosabertos.camara.leg.br/api/v2/deputados/178829
229069,Capitão Samuel,PP,SE,https://dadosabertos.camara.leg.br/api/v2/deputados/229069
229106,Carla Ayres,PT,SC,https://dadosabertos.camara.leg.br/api/v2/deputados/229106
213762,Carla Dickson,UNIÃO,RN,https://dadosabertos.camara.leg.br/api/v2/deputados/213762
204507,Carla Zambelli,PL,SP,https://dadosabertos.camara.leg.br/api/v2/deputados/204507
204361,Carlos Chiodini,MDB,SC,https://dadosabertos.camara.leg.br/api/v2/deputados/204361
178962,Carlos Gomes,REPUBLICANOS,RS,https://dadosabertos.camara.leg.br/api/v2/deputados/178962
178993,Carlos Henrique Gaguim,UNIÃO,TO,https://dadosabertos.camara.leg.br/api/v2/deputados/178993
204460,Carlos Jordy,PL,RJ,https://dadosabertos.camara.leg.br/api/v2/deputados/204460
74262,Carlos Sampaio,PSDB,SP,https://dadosabertos.camara.leg.br/api/v2/deputados/74262
204426,Carlos Veras,PT,PE,https://dadosabertos.camara.leg.br/api/v2/deputados/204426
141398,Carlos Zarattini,PT,SP,https://dadosabertos.camara.leg.br/api/v2/deputados/141398
164360,Carmen Zanotto,CIDADANIA,SC,https://dadosabertos.camara.leg.br/api/v2/deputados/164360
220704,Carol Dartora,PT,PR,https://dadosabertos.camara.leg.br/api/v2/deputados/220704
204369,Caroline de Toni,PL,SC,https://dadosabertos.camara.leg.br/api/v2/deputados/204369
220699,Castro Neto,PSD,PI,https://dadosabertos.camara.leg.br/api/v2/deputados/220699
206018,Célia Xakriabá,PSOL,MG,https://dadosabertos.camara.leg.br/api/v2/deputados/206018
178876,Célio Silveira,MDB,GO,https://dadosabertos.camara.leg.br/api/v2/deputados/178876
204488,Célio Studart,PSD,CE,https://dadosabertos.camara.leg.br/api/v2/deputados/204488
73441,Celso Russomanno,REPUBLICANOS,SP,https://dadosabertos.camara.leg.br/api/v2/deputados/73441
204496,Celso Sabino,UNIÃO,PA,https://dadosabertos.camara.leg.br/api/v2/deputados/204496
204504,Cezinha de Madureira,PSD,SP,https://dadosabertos.camara.leg.br/api/v2/deputados/204504
205476,Charles Fernandes,PSD,BA,https://dadosabertos.camara.leg.br/api/v2/deputados/205476
74171,Chico Alencar,PSOL,RJ,https://dadosabertos.camara.leg.br/api/v2/deputados/74171
204476,Chiquinho Brazão,UNIÃO,RJ,https://dadosabertos.camara.leg.br/api/v2/deputados/204476
204462,Chris Tonietto,PL,RJ,https://dadosabertos.camara.leg.br/api/v2/deputados/204462
220665,Clarissa Tércio,PP,PE,https://dadosabertos.camara.leg.br/api/v2/deputados/220665
74537,Claudio Cajado,PP,BA,https://dadosabertos.camara.leg.br/api/v2/deputados/74537
141408,Cleber Verde,REPUBLICANOS,MA,https://dadosabertos.camara.leg.br/api/v2/deputados/141408
88256,Clodoaldo Magalhães,PV,PE,https://dadosabertos.camara.leg.br/api/v2/deputados/88256
98148,Cobalchini,MDB,SC,https://dadosabertos.camara.leg.br/api/v2/deputados/98148
204376,Coronel Armando,PL,SC,https://dadosabertos.camara.leg.br/api/v2/deputados/204376
220594,Coronel Assis,UNIÃO,MT,https://dadosabertos.camara.leg.br/api/v2/deputados/220594
204378,Coronel Chrisóstomo,PL,RO,https://dadosabertos.camara.leg.br/api/v2/deputados/204378
220595,Coronel Fernanda,PL,MT,https://dadosabertos.camara.leg.br/api/v2/deputados/220595
220666,Coronel Meira,PL,PE,https://dadosabertos.camara.leg.br/api/v2/deputados/220666
204514,Coronel Tadeu,PL,SP,https://dadosabertos.camara.leg.br/api/v2/deputados/204514
222142,Coronel Telhada,PP,SP,https://dadosabertos.camara.leg.br/api/v2/deputados/222142
220590,Coronel Ulysses,UNIÃO,AC,https://dadosabertos.camara.leg.br/api/v2/deputados/220590
178963,Covatti Filho,PP,RS,https://dadosabertos.camara.leg.br/api/v2/deputados/178963
220608,Cristiane Lopes,UNIÃO,RO,https://dadosabertos.camara.leg.br/api/v2/deputados/220608
234840,Cristiano Furlan,REDE,AP,https://dadosabertos.camara.leg.br/api/v2/deputados/234840
204355,Da Vitoria,PP,ES,https://dadosabertos.camara.leg.br/api/v2/deputados/204355
141411,Dagoberto Nogueira,PSDB,MS,https://dadosabertos.camara.leg.br/api/v2/deputados/141411
220555,Daiana Santos,PCdoB,RS,https://dadosabertos.camara.leg.br/api/v2/deputados/220555
220692,Dal Barreto,UNIÃO,BA,https://dadosabertos.camara.leg.br/api/v2/deputados/220692
74467,Damião Feliciano,UNIÃO,PB,https://dadosabertos.camara.leg.br/api/v2/deputados/74467
220629,Dandara,PT,MG,https://dadosabertos.camara.leg.br/api/v2/deputados/220629
220603,Dani Cunha,UNIÃO,RJ,https://dadosabertos.camara.leg.br/api/v2/deputados/220603
220571,Daniel Agrobom,PL,GO,https://dadosabertos.camara.leg.br/api/v2/deputados/220571
74060,Daniel Almeida,PCdoB,BA,https://dadosabertos.camara.leg.br/api/v2/deputados/74060
220582,Daniel Barbosa,PP,AL,https://dadosabertos.camara.leg.br/api/v2/deputados/220582
204367,Daniel Freitas,PL,SC,https://dadosabertos.camara.leg.br/api/v2/deputados/204367
228941,Daniel José,PODE,SP,https://dadosabertos.camara.leg.br/api/v2/deputados/228941
220614,Daniel Soranz,PSD,RJ,https://dadosabertos.camara.leg.br/api/v2/deputados/220614
204409,Daniel Trzeciak,PSDB,RS,https://dadosabertos.camara.leg.br/api/v2/deputados/204409
204459,Daniela do Waguinho,UNIÃO,RJ,https://dadosabertos.camara.leg.br/api/v2/deputados/204459
220557,Daniela Reinehr,PL,SC,https://dadosabertos.camara.leg.br/api/v2/deputados/220557
62881,Danilo Forte,UNIÃO,CE,https://dadosabertos.camara.leg.br/api/v2/deputados/62881
160552,Danrlei de Deus Hinterholz,PSD,RS,https://dadosabertos.camara.leg.br/api/v2/deputados/160552
116379,Darci de Matos,PSD,SC,https://dadosabertos.camara.leg.br/api/v2/deputados/116379
204511,David Soares,UNIÃO,SP,https://dadosabertos.camara.leg.br/api/v2/deputados/204511
220659,Dayany Bittencourt,UNIÃO,CE,https://dadosabertos.camara.leg.br/api/v2/deputados/220659
220539,Defensor Stélio Dener,REPUBLICANOS,RR,https://dadosabertos.camara.leg.br/api/v2/deputados/220539
220565,Delegada Adriana Accorsi,PT,GO,https://dadosabertos.camara.leg.br/api/v2/deputados/220565
220625,Delegada Ione,AVANTE,MG,https://dadosabertos.camara.leg.br/api/v2/deputados/220625
220561,Delegada Katarina,PSD,SE,https://dadosabertos.camara.leg.br/api/v2/deputados/220561
220642,Delegado Bruno Lima,PP,SP,https://dadosabertos.camara.leg.br/api/v2/deputados/220642
220673,Delegado Caveira,PL,PA,https://dadosabertos.camara.leg.br/api/v2/deputados/220673
220649,Delegado da Cunha,PP,SP,https://dadosabertos.camara.leg.br/api/v2/deputados/220649
178908,Delegado Éder Mauro,PL,PA,https://dadosabertos.camara.leg.br/api/v2/deputados/178908
220583,Delegado Fabio Costa,PP,AL,https://dadosabertos.camara.leg.br/api/v2/deputados/220583
204512,Delegado Marcelo Freitas,UNIÃO,MG,https://dadosabertos.camara.leg.br/api/v2/deputados/204512
220701,Delegado Matheus Laiola,UNIÃO,PR,https://dadosabertos.camara.leg.br/api/v2/deputados/220701
220652,Delegado Palumbo,MDB,SP,https://dadosabertos.camara.leg.br/api/v2/deputados/220652
220654,Delegado Paulo Bilynskyj,PL,SP,https://dadosabertos.camara.leg.br/api/v2/deputados/220654
220619,Delegado Ramagem,PL,RJ,https://dadosabertos.camara.leg.br/api/v2/deputados/220619
228272,Délio Pinheiro,PDT,MG,https://dadosabertos.camara.leg.br/api/v2/deputados/228272
220705,Deltan Dallagnol,PODE,PR,https://dadosabertos.camara.leg.br/api/v2/deputados/220705
220553,Denise Pessôa,PT,RS,https://dadosabertos.camara.leg.br/api/v2/deputados/220553
220689,Detinha,PL,MA,https://dadosabertos.camara.leg.br/api/v2/deputados/220689
160588,Diego Andrade,PSD,MG,https://dadosabertos.camara.leg.br/api/v2/deputados/160588
220691,Diego Coronel,PSD,BA,https://dadosabertos.camara.leg.br/api/v2/deputados/220691
178929,Diego Garcia,REPUBLICANOS,PR,https://dadosabertos.camara.leg.br/api/v2/deputados/178929
73768,Dilceu Sperafico,PP,PR,https://dadosabertos.camara.leg.br/api/v2/deputados/73768
220671,Dilvanda Faro,PT,PA,https://dadosabertos.camara.leg.br/api/v2/deputados/220671
160599,Dimas Fabiano,PP,MG,https://dadosabertos.camara.leg.br/api/v2/deputados/160599
220602,Dimas Gadelha,PT,RJ,https://dadosabertos.camara.leg.br/api/v2/deputados/220602
143632,Domingos Neto,PSD,CE,https://dadosabertos.camara.leg.br/api/v2/deputados/143632
160758,Domingos Sávio,PL,MG,https://dadosabertos.camara.leg.br/api/v2/deputados/160758
220573,Dorinaldo Malafaia,PDT,AP,https://dadosabertos.camara.leg.br/api/v2/deputados/220573
227433,Douglas Viegas,UNIÃO,SP,https://dadosabertos.camara.leg.br/api/v2/deputados/227433
204450,Doutor Luizinho,PP,RJ,https://dadosabertos.camara.leg.br/api/v2/deputados/204450
221339,Dr Benjamim,UNIÃO,MA,https://dadosabertos.camara.leg.br/api/v2/deputados/221339
227401,Dr Fabio Rueda,UNIÃO,AC,https://dadosabertos.camara.leg.br/api/v2/deputados/227401
227991,Dr Flávio,PL,RJ,https://dadosabertos.camara.leg.br/api/v2/deputados/227991
220610,Dr. Fernando Máximo,UNIÃO,RO,https://dadosabertos.camara.leg.br/api/v2/deputados/220610
220688,Dr. Francisco,PT,PI,https://dadosabertos.camara.leg.br/api/v2/deputados/220688
204518,Dr. Frederico,PATRIOTA,MG,https://dadosabertos.camara.leg.br/api/v2/deputados/204518
212625,Dr. Gonçalo,PODE,MA,https://dadosabertos.camara.leg.br/api/v2/deputados/212625
220570,Dr. Ismael Alexandrino,PSD,GO,https://dadosabertos.camara.leg.br/api/v2/deputados/220570
204481,Dr. Jaziel,PL,CE,https://dadosabertos.camara.leg.br/api/v2/deputados/204481
204351,Dr. Luiz Ovando,PP,MS,https://dadosabertos.camara.leg.br/api/v2/deputados/204351
228616,Dr. Remy Soares,PP,MA,https://dadosabertos.camara.leg.br/api/v2/deputados/228616
220528,Dr. Victor Linhalis,PODE,ES,https://dadosabertos.camara.leg.br/api/v2/deputados/220528
204412,Dr. Zacharias Calil,UNIÃO,GO,https://dadosabertos.camara.leg.br/api/v2/deputados/204412
220674,Dra. Alessandra Haber,MDB,PA,https://dadosabertos.camara.leg.br/api/v2/deputados/220674
230088,Dra. Mayra Pinheiro,PL,CE,https://dadosabertos.camara.leg.br/api/v2/deputados/230088
220686,Duarte,PSB,MA,https://dadosabertos.camara.leg.br/api/v2/deputados/220686
227800,Duarte Gonçalves Jr,PSC,MG,https://dadosabertos.camara.leg.br/api/v2/deputados/227800
220540,Duda Ramos,MDB,RR,https://dadosabertos.camara.leg.br/api/v2/deputados/220540
220623,Duda Salabert,PDT,MG,https://dadosabertos.camara.leg.br/api/v2/deputados/220623
204541,Eduardo Bismarck,PDT,CE,https://dadosabertos.camara.leg.br/api/v2/deputados/204541
92346,Eduardo Bolsonaro,PL,SP,https://dadosabertos.camara.leg.br/api/v2/deputados/92346
141421,Eduardo da Fonte,PP,PE,https://dadosabertos.camara.leg.br/api/v2/deputados/141421
220589,Eduardo Velloso,UNIÃO,AC,https://dadosabertos.camara.leg.br/api/v2/deputados/220589
74075,Elcione Barbalho,MDB,PA,https://dadosabertos.camara.leg.br/api/v2/deputados/74075
204364,Eli Borges,PL,TO,https://dadosabertos.camara.leg.br/api/v2/deputados/204364
226553,Eliane Braz,PSD,CE,https://dadosabertos.camara.leg.br/api/v2/deputados/226553
229585,Elisangela Araujo,PT,BA,https://dadosabertos.camara.leg.br/api/v2/deputados/229585
220008,Eliza Virgínia,PP,PB,https://dadosabertos.camara.leg.br/api/v2/deputados/220008
234406,Elmano Férrer,PP,PI,https://dadosabertos.camara.leg.br/api/v2/deputados/234406
178854,Elmar Nascimento,UNIÃO,BA,https://dadosabertos.camara.leg.br/api/v2/deputados/178854
218086,Ely Santos,REPUBLICANOS,SP,https://dadosabertos.camara.leg.br/api/v2/deputados/218086
198783,Emanuel Pinheiro Neto,MDB,MT,https://dadosabertos.camara.leg.br/api/v2/deputados/198783
161550,Emidinho Madeira,PL,MG,https://dadosabertos.camara.leg.br/api/v2/deputados/161550
225730,Enfermeira Ana Paula,PDT,CE,https://dadosabertos.camara.leg.br/api/v2/deputados/225730
230765,Enfermeira Rejane,PCdoB,RJ,https://dadosabertos.camara.leg.br/api/v2/deputados/230765
132504,Enio Verri,PT,PR,https://dadosabertos.camara.leg.br/api/v2/deputados/132504
220663,Eriberto Medeiros,PSB,PE,https://dadosabertos.camara.leg.br/api/v2/deputados/220663
220645,Erika Hilton,PSOL,SP,https://dadosabertos.camara.leg.br/api/v2/deputados/220645
160575,Erika Kokay,PT,DF,https://dadosabertos.camara.leg.br/api/v2/deputados/160575
160640,Eros Biondini,PL,MG,https://dadosabertos.camara.leg.br/api/v2/deputados/160640
204482,Euclydes Pettersen,PSC,MG,https://dadosabertos.camara.leg.br/api/v2/deputados/204482
74454,Eunício Oliveira,MDB,CE,https://dadosabertos.camara.leg.br/api/v2/deputados/74454
178871,Evair Vieira de Melo,PP,ES,https://dadosabertos.camara.leg.br/api/v2/deputados/178871
234388,Fabiano Cazeca,PATRIOTA,MG,https://dadosabertos.camara.leg.br/api/v2/deputados/234388
178905,Fabio Garcia,UNIÃO,MT,https://dadosabertos.camara.leg.br/api/v2/deputados/178905
68720,Fábio Henrique,UNIÃO,SE,https://dadosabertos.camara.leg.br/api/v2/deputados/68720
220681,Fábio Macedo,PODE,MA,https://dadosabertos.camara.leg.br/api/v2/deputados/220681
171623,Fabio Reis,PSD,SE,https://dadosabertos.camara.leg.br/api/v2/deputados/171623
204368,Fabio Schiochet,UNIÃO,SC,https://dadosabertos.camara.leg.br/api/v2/deputados/204368
220653,Fábio Teruel,MDB,SP,https://dadosabertos.camara.leg.br/api/v2/deputados/220653
74065,Fatima Pelaes,REPUBLICANOS,AP,https://dadosabertos.camara.leg.br/api/v2/deputados/74065
220712,Fausto Jr.,UNIÃO,AM,https://dadosabertos.camara.leg.br/api/v2/deputados/220712
66828,Fausto Pinato,PP,SP,https://dadosabertos.camara.leg.br/api/v2/deputados/66828
220646,Felipe Becari,UNIÃO,SP,https://dadosabertos.camara.leg.br/api/v2/deputados/220646
72442,Felipe Carreras,PSB,PE,https://dadosabertos.camara.leg.br/api/v2/deputados/72442
204398,Felipe Francischini,UNIÃO,PR,https://dadosabertos.camara.leg.br/api/v2/deputados/204398
227370,Felipe Saliba,PATRIOTA,MG,https://dadosabertos.camara.leg.br/api/v2/deputados/227370
160666,Félix Mendonça Júnior,PDT,BA,https://dadosabertos.camara.leg.br/api/v2/deputados/160666
204407,Fernanda Melchionna,PSOL,RS,https://dadosabertos.camara.leg.br/api/v2/deputados/204407
220656,Fernanda Pessoa,UNIÃO,CE,https://dadosabertos.camara.leg.br/api/v2/deputados/220656
141431,Fernando Coelho Filho,UNIÃO,PE,https://dadosabertos.camara.leg.br/api/v2/deputados/141431
204445,Fernando Mineiro,PT,RN,https://dadosabertos.camara.leg.br/api/v2/deputados/204445
92699,Fernando Monteiro,PP,PE,https://dadosabertos.camara.leg.br/api/v2/deputados/92699
204427,Fernando Rodolfo,PL,PE,https://dadosabertos.camara.leg.br/api/v2/deputados/204427
204411,Filipe Barros,PL,PR,https://dadosabertos.camara.leg.br/api/v2/deputados/204411
220545,Filipe Martins,PL,TO,https://dadosabertos.camara.leg.br/api/v2/deputados/220545
160598,Flávia Morais,PDT,GO,https://dadosabertos.camara.leg.br/api/v2/deputados/160598
225727,Flavinha,MDB,MT,https://dadosabertos.camara.leg.br/api/v2/deputados/225727
191923,Flávio Nogueira,PT,PI,https://dadosabertos.camara.leg.br/api/v2/deputados/191923
220700,Florentino Neto,PT,PI,https://dadosabertos.camara.leg.br/api/v2/deputados/220700
220551,Franciane Bayer,REPUBLICANOS,RS,https://dadosabertos.camara.leg.br/api/v2/deputados/220551
204494,Fred Costa,PATRIOTA,MG,https://dadosabertos.camara.leg.br/api/v2/deputados/204494
220534,Fred Linhares,REPUBLICANOS,DF,https://dadosabertos.camara.leg.br/api/v2/deputados/220534
224117,Gabriel Mota,REPUBLICANOS,RR,https://dadosabertos.camara.leg.br/api/v2/deputados/224117
220708,Gabriel Nunes,PSD,BA,https://dadosabertos.camara.leg.br/api/v2/deputados/220708
204473,General Girão,PL,RN,https://dadosabertos.camara.leg.br/api/v2/deputados/204473
220611,General Pazuello,PL,RJ,https://dadosabertos.camara.leg.br/api/v2/deputados/220611
178966,Geovania de Sá,PSDB,SC,https://dadosabertos.camara.leg.br/api/v2/deputados/178966
220702,Geraldo Mendes,UNIÃO,PR,https://dadosabertos.camara.leg.br/api/v2/deputados/220702
74374,Geraldo Resende,PSDB,MS,https://dadosabertos.camara.leg.br/api/v2/deputados/74374
220587,Gerlen Diniz,PP,AC,https://dadosabertos.camara.leg.br/api/v2/deputados/220587
204394,Gervásio Maia,PSB,PB,https://dadosabertos.camara.leg.br/api/v2/deputados/204394
74383,Giacobo,PL,PR,https://dadosabertos.camara.leg.br/api/v2/deputados/74383
204491,Gilberto Abramo,REPUBLICANOS,MG,https://dadosabertos.camara.leg.br/api/v2/deputados/204491
74270,Gilberto Nascimento,PSC,SP,https://dadosabertos.camara.leg.br/api/v2/deputados/74270
220529,Gilson Daniel,PODE,ES,https://dadosabertos.camara.leg.br/api/v2/deputados/220529
204365,Gilson Marques,NOVO,SC,https://dadosabertos.camara.leg.br/api/v2/deputados/204365
220526,Gilvan da Federal,PL,ES,https://dadosabertos.camara.leg.br/api/v2/deputados/220526
220531,Gilvan Maximo,REPUBLICANOS,DF,https://dadosabertos.camara.leg.br/api/v2/deputados/220531
160673,Giovani Cherini,PL,RS,https://dadosabertos.camara.leg.br/api/v2/deputados/160673
226179,Gisela Simona,UNIÃO,MT,https://dadosabertos.camara.leg.br/api/v2/deputados/226179
152605,Glauber Braga,PSOL,RJ,https://dadosabertos.camara.leg.br/api/v2/deputados/152605
229333,Gláucia Santiago,PL,MG,https://dadosabertos.camara.leg.br/api/v2/deputados/229333
204419,Glaustin da Fokus,PSC,GO,https://dadosabertos.camara.leg.br/api/v2/deputados/204419
236284,Glaycon Franco,PV,MG,https://dadosabertos.camara.leg.br/api/v2/deputados/236284
107283,Gleisi Hoffmann,PT,PR,https://dadosabertos.camara.leg.br/api/v2/deputados/107283
129618,Gorete Pereira,PL,CE,https://dadosabertos.camara.leg.br/api/v2/deputados/129618
198197,Greyce Elias,AVANTE,MG,https://dadosabertos.camara.leg.br/api/v2/deputados/198197
220639,Guilherme Boulos,PSOL,SP,https://dadosabertos.camara.leg.br/api/v2/deputados/220639
204531,Guilherme Derrite,PL,SP,https://dadosabertos.camara.leg.br/api/v2/deputados/204531
220664,Guilherme Uchoa,PSB,PE,https://dadosabertos.camara.leg.br/api/v2/deputados/220664
220568,Gustavo Gayer,PL,GO,https://dadosabertos.camara.leg.br/api/v2/deputados/220568
204408,Gustinho Ribeiro,REPUBLICANOS,SE,https://dadosabertos.camara.leg.br/api/v2/deputados/204408
204456,Gutemberg Reis,MDB,RJ,https://dadosabertos.camara.leg.br/api/v2/deputados/204456
178964,Heitor Schuch,PSB,RS,https://dadosabertos.camara.leg.br/api/v2/deputados/178964
178873,Helder Salomão,PT,ES,https://dadosabertos.camara.leg.br/api/v2/deputados/178873
220537,Helena Lima,MDB,RR,https://dadosabertos.camara.leg.br/api/v2/deputados/220537
178909,Hélio Leite,UNIÃO,PA,https://dadosabertos.camara.leg.br/api/v2/deputados/178909
204444,Helio Lopes,PL,RJ,https://dadosabertos.camara.leg.br/api/v2/deputados/204444
234788,Heloísa Helena,REDE,RJ,https://dadosabertos.camara.leg.br/api/v2/deputados/234788
220672,Henderson Pinto,MDB,PA,https://dadosabertos.camara.leg.br/api/v2/deputados/220672
227324,Henrique Júnior,PL,MA,https://dadosabertos.camara.leg.br/api/v2/deputados/227324
204539,Hercílio Coelho Diniz,MDB,MG,https://dadosabertos.camara.leg.br/api/v2/deputados/204539
100689,Hildo do Candango,REPUBLICANOS,GO,https://dadosabertos.camara.leg.br/api/v2/deputados/100689
178884,Hildo Rocha,MDB,MA,https://dadosabertos.camara.leg.br/api/v2/deputados/178884
141450,Hugo Leal,PSD,RJ,https://dadosabertos.camara.leg.br/api/v2/deputados/141450
160674,Hugo Motta,REPUBLICANOS,PB,https://dadosabertos.camara.leg.br/api/v2/deputados/160674
220563,Icaro de Valmir,PL,SE,https://dadosabertos.camara.leg.br/api/v2/deputados/220563
204533,Idilvan Alencar,PDT,CE,https://dadosabertos.camara.leg.br/api/v2/deputados/204533
204508,Igor Timo,PODE,MG,https://dadosabertos.camara.leg.br/api/v2/deputados/204508
235620,Ilacir Bicalho,PSC,MG,https://dadosabertos.camara.leg.br/api/v2/deputados/235620
74295,Inácio Arruda,PCdoB,CE,https://dadosabertos.camara.leg.br/api/v2/deputados/74295
98615,Ismael,PSD,SC,https://dadosabertos.camara.leg.br/api/v2/deputados/98615
204436,Isnaldo Bulhões Jr.,MDB,AL,https://dadosabertos.camara.leg.br/api/v2/deputados/204436
225846,Itamar Paim,PL,PR,https://dadosabertos.camara.leg.br/api/v2/deputados/225846
230764,Ivan Junior,UNIÃO,MA,https://dadosabertos.camara.leg.br/api/v2/deputados/230764
73531,Ivan Valente,PSOL,SP,https://dadosabertos.camara.leg.br/api/v2/deputados/73531
220696,Ivoneide Caetano,PT,BA,https://dadosabertos.camara.leg.br/api/v2/deputados/220696
220670,Iza Arruda,MDB,PE,https://dadosabertos.camara.leg.br/api/v2/deputados/220670
220527,Jack Rocha,PT,ES,https://dadosabertos.camara.leg.br/api/v2/deputados/220527
220697,Jadyel Alencar,PV,PI,https://dadosabertos.camara.leg.br/api/v2/deputados/220697
74848,Jandira Feghali,PCdoB,RJ,https://dadosabertos.camara.leg.br/api/v2/deputados/74848
220567,Jeferson Rodrigues,REPUBLICANOS,GO,https://dadosabertos.camara.leg.br/api/v2/deputados/220567
74273,Jefferson Campos,PL,SP,https://dadosabertos.camara.leg.br/api/v2/deputados/74273
160531,Jhonatan de Jesus,REPUBLICANOS,RR,https://dadosabertos.camara.leg.br/api/v2/deputados/160531
141456,Jilmar Tatto,PT,SP,https://dadosabertos.camara.leg.br/api/v2/deputados/141456
235869,João Carlos,REPUBLICANOS,AM,https://dadosabertos.camara.leg.br/api/v2/deputados/235869
141458,João Carlos Bacelar,PL,BA,https://dadosabertos.camara.leg.br/api/v2/deputados/141458
230957,João Cury,MDB,SP,https://dadosabertos.camara.leg.br/api/v2/deputados/230957
178970,João Daniel,PT,SE,https://dadosabertos.camara.leg.br/api/v2/deputados/178970
74550,João Leão,PP,BA,https://dadosabertos.camara.leg.br/api/v2/deputados/74550
141459,João Maia,PL,RN,https://dadosabertos.camara.leg.br/api/v2/deputados/141459
178910,Joaquim Passarinho,PL,PA,https://dadosabertos.camara.leg.br/api/v2/deputados/178910
160548,Jonas Donizette,PSB,SP,https://dadosabertos.camara.leg.br/api/v2/deputados/160548
217480,Jones Moura,PSD,RJ,https://dadosabertos.camara.leg.br/api/v2/deputados/217480
235800,Jorge Araújo,PP,BA,https://dadosabertos.camara.leg.br/api/v2/deputados/235800
205550,Jorge Braz,REPUBLICANOS,RJ,https://dadosabertos.camara.leg.br/api/v2/deputados/205550
214694,Jorge Goetten,PL,SC,https://dadosabertos.camara.leg.br/api/v2/deputados/214694
178857,Jorge Solla,PT,BA,https://dadosabertos.camara.leg.br/api/v2/deputados/178857
141464,José Airton Félix Cirilo,PT,CE,https://dadosabertos.camara.leg.br/api/v2/deputados/141464
141470,José Guimarães,PT,CE,https://dadosabertos.camara.leg.br/api/v2/deputados/141470
204472,José Medeiros,PL,MT,https://dadosabertos.camara.leg.br/api/v2/deputados/204472
204391,José Nelto,PP,GO,https://dadosabertos.camara.leg.br/api/v2/deputados/204391
74079,José Priante,MDB,PA,https://dadosabertos.camara.leg.br/api/v2/deputados/74079
74554,José Rocha,UNIÃO,BA,https://dadosabertos.camara.leg.br/api/v2/deputados/74554
209189,Joseildo Ramos,PT,BA,https://dadosabertos.camara.leg.br/api/v2/deputados/209189
220578,Josenildo,PDT,AP,https://dadosabertos.camara.leg.br/api/v2/deputados/220578
74141,Josias Gomes,PT,BA,https://dadosabertos.camara.leg.br/api/v2/deputados/74141
204563,Josimar Maranhãozinho,PL,MA,https://dadosabertos.camara.leg.br/api/v2/deputados/204563
215043,Josivaldo JP,PSD,MA,https://dadosabertos.camara.leg.br/api/v2/deputados/215043
204474,Juarez Costa,MDB,MT,https://dadosabertos.camara.leg.br/api/v2/deputados/204474
220559,Julia Zanatta,PL,SC,https://dadosabertos.camara.leg.br/api/v2/deputados/220559
220640,Juliana Cardoso,PT,SP,https://dadosabertos.camara.leg.br/api/v2/deputados/220640
228837,Juliana Kolankiewicz,MDB,MT,https://dadosabertos.camara.leg.br/api/v2/deputados/228837
66385,Julio Arcoverde,PP,PI,https://dadosabertos.camara.leg.br/api/v2/deputados/66385
74317,Júlio Cesar,PSD,PI,https://dadosabertos.camara.leg.br/api/v2/deputados/74317
204372,Julio Cesar Ribeiro,REPUBLICANOS,DF,https://dadosabertos.camara.leg.br/api/v2/deputados/204372
74253,Julio Lopes,PP,RJ,https://dadosabertos.camara.leg.br/api/v2/deputados/74253
228797,Júlio Oliveira,PP,TO,https://dadosabertos.camara.leg.br/api/v2/deputados/228797
204457,Juninho do Pneu,UNIÃO,RJ,https://dadosabertos.camara.leg.br/api/v2/deputados/204457
204520,Junio Amaral,PL,MG,https://dadosabertos.camara.leg.br/api/v2/deputados/204520
204497,Júnior Ferrari,PSD,PA,https://dadosabertos.camara.leg.br/api/v2/deputados/204497
204574,Junior Lourenço,PL,MA,https://dadosabertos.camara.leg.br/api/v2/deputados/204574
204550,Júnior Mano,PL,CE,https://dadosabertos.camara.leg.br/api/v2/deputados/204550
178886,Juscelino Filho,UNIÃO,MA,https://dadosabertos.camara.leg.br/api/v2/deputados/178886
208297,Katia Dias,PSC,MG,https://dadosabertos.camara.leg.br/api/v2/deputados/208297
220677,Keniston Braga,MDB,PA,https://dadosabertos.camara.leg.br/api/v2/deputados/220677
162067,Kiko Celeguim,PT,SP,https://dadosabertos.camara.leg.br/api/v2/deputados/162067
204536,Kim Kataguiri,UNIÃO,SP,https://dadosabertos.camara.leg.br/api/v2/deputados/204536
98057,Lafayette de Andrada,REPUBLICANOS,MG,https://dadosabertos.camara.leg.br/api/v2/deputados/98057
74856,Laura Carneiro,PSD,RJ,https://dadosabertos.camara.leg.br/api/v2/deputados/74856
141480,Lázaro Botelho,PP,TO,https://dadosabertos.camara.leg.br/api/v2/deputados/141480
178832,Leandre,PSD,PR,https://dadosabertos.camara.leg.br/api/v2/deputados/178832
220600,Lebrão,UNIÃO,RO,https://dadosabertos.camara.leg.br/api/v2/deputados/220600
220566,Lêda Borges,PSDB,GO,https://dadosabertos.camara.leg.br/api/v2/deputados/220566
231911,Lenir de Assis,PT,PR,https://dadosabertos.camara.leg.br/api/v2/deputados/231911
80815,Leo Prates,PDT,BA,https://dadosabertos.camara.leg.br/api/v2/deputados/80815
122195,Leonardo Gadelha,PSC,PB,https://dadosabertos.camara.leg.br/api/v2/deputados/122195
74156,Leonardo Monteiro,PT,MG,https://dadosabertos.camara.leg.br/api/v2/deputados/74156
74299,Leônidas Cristino,PDT,CE,https://dadosabertos.camara.leg.br/api/v2/deputados/74299
92102,Leur Lomanto Júnior,UNIÃO,BA,https://dadosabertos.camara.leg.br/api/v2/deputados/92102
139285,Lídice da Mata,PSB,BA,https://dadosabertos.camara.leg.br/api/v2/deputados/139285
74585,Lincoln Portela,PL,MG,https://dadosabertos.camara.leg.br/api/v2/deputados/74585
74858,Lindbergh Farias,PT,RJ,https://dadosabertos.camara.leg.br/api/v2/deputados/74858
171139,Loreny,SOLIDARIEDADE,SP,https://dadosabertos.camara.leg.br/api/v2/deputados/171139
234253,Lucas Abrahao,REDE,AP,https://dadosabertos.camara.leg.br/api/v2/deputados/234253
220662,Lucas Ramos,PSB,PE,https://dadosabertos.camara.leg.br/api/v2/deputados/220662
204404,Lucas Redecker,PSDB,RS,https://dadosabertos.camara.leg.br/api/v2/deputados/204404
138286,Luciano Alves,PSD,PR,https://dadosabertos.camara.leg.br/api/v2/deputados/138286
220581,Luciano Amaral,PV,AL,https://dadosabertos.camara.leg.br/api/v2/deputados/220581
103758,Luciano Azevedo,PSD,RS,https://dadosabertos.camara.leg.br/api/v2/deputados/103758
74478,Luciano Bivar,UNIÃO,PE,https://dadosabertos.camara.leg.br/api/v2/deputados/74478
178931,Luciano Ducci,PSB,PR,https://dadosabertos.camara.leg.br/api/v2/deputados/178931
227323,Luciano Galego,PL,MA,https://dadosabertos.camara.leg.br/api/v2/deputados/227323
220616,Luciano Vieira,PL,RJ,https://dadosabertos.camara.leg.br/api/v2/deputados/220616
178954,Lucio Mosquini,MDB,RO,https://dadosabertos.camara.leg.br/api/v2/deputados/178954
229082,Lucyana Genésio,PDT,MA,https://dadosabertos.camara.leg.br/api/v2/deputados/229082
222429,Luis Carlos Gomes,REPUBLICANOS,RJ,https://dadosabertos.camara.leg.br/api/v2/deputados/222429
160510,Luis Tibé,AVANTE,MG,https://dadosabertos.camara.leg.br/api/v2/deputados/160510
204410,Luisa Canziani,PSD,PR,https://dadosabertos.camara.leg.br/api/v2/deputados/204410
204448,Luiz Antonio Corrêa,PP,RJ,https://dadosabertos.camara.leg.br/api/v2/deputados/204448
141485,Luiz Carlos Busato,UNIÃO,RS,https://dadosabertos.camara.leg.br/api/v2/deputados/141485
73778,Luiz Carlos Hauly,PODE,PR,https://dadosabertos.camara.leg.br/api/v2/deputados/73778
204485,Luiz Carlos Motta,PL,SP,https://dadosabertos.camara.leg.br/api/v2/deputados/204485
74041,Luiz Couto,PT,PB,https://dadosabertos.camara.leg.br/api/v2/deputados/74041
141487,Luiz Fernando Faria,PSD,MG,https://dadosabertos.camara.leg.br/api/v2/deputados/141487
229432,Luiz Fernando Vampiro,MDB,SC,https://dadosabertos.camara.leg.br/api/v2/deputados/229432
220658,Luiz Gastão,PSD,CE,https://dadosabertos.camara.leg.br/api/v2/deputados/220658
204455,Luiz Lima,PL,RJ,https://dadosabertos.camara.leg.br/api/v2/deputados/204455
220636,Luiz Marinho,PT,SP,https://dadosabertos.camara.leg.br/api/v2/deputados/220636
162332,Luiz Nishimori,PSD,PR,https://dadosabertos.camara.leg.br/api/v2/deputados/162332
204526,Luiz Philippe de Orleans e Bragança,PL,SP,https://dadosabertos.camara.leg.br/api/v2/deputados/204526
74784,Luiza Erundina,PSOL,SP,https://dadosabertos.camara.leg.br/api/v2/deputados/74784
178866,Luizianne Lins,PT,CE,https://dadosabertos.camara.leg.br/api/v2/deputados/178866
220669,Lula da Fonte,PP,PE,https://dadosabertos.camara.leg.br/api/v2/deputados/220669
166402,Magda Mofatto,PL,GO,https://dadosabertos.camara.leg.br/api/v2/deputados/166402
220648,Marangoni,UNIÃO,SP,https://dadosabertos.camara.leg.br/api/v2/deputados/220648
156190,Marcel van Hattem,NOVO,RS,https://dadosabertos.camara.leg.br/api/v2/deputados/156190
179000,Marcelo Álvaro Antônio,PL,MG,https://dadosabertos.camara.leg.br/api/v2/deputados/179000
204433,Marcelo Calero,PSD,RJ,https://dadosabertos.camara.leg.br/api/v2/deputados/204433
220599,Marcelo Crivella,REPUBLICANOS,RJ,https://dadosabertos.camara.leg.br/api/v2/deputados/220599
220634,Marcelo Lima,SOLIDARIEDADE,SP,https://dadosabertos.camara.leg.br/api/v2/deputados/220634
133810,Marcelo Moraes,PL,RS,https://dadosabertos.camara.leg.br/api/v2/deputados/133810
204558,Marcelo Nilo,REPUBLICANOS,BA,https://dadosabertos.camara.leg.br/api/v2/deputados/204558
160161,Marcelo Queiroz,PP,RJ,https://dadosabertos.camara.leg.br/api/v2/deputados/160161
178983,Marcio Alvino,PL,SP,https://dadosabertos.camara.leg.br/api/v2/deputados/178983
179001,Márcio Biolchi,MDB,RS,https://dadosabertos.camara.leg.br/api/v2/deputados/179001
226410,Márcio Correa,MDB,GO,https://dadosabertos.camara.leg.br/api/v2/deputados/226410
220687,Márcio Honaiser,PDT,MA,https://dadosabertos.camara.leg.br/api/v2/deputados/220687
81055,Márcio Jerry,PCdoB,MA,https://dadosabertos.camara.leg.br/api/v2/deputados/81055
150418,Márcio Marinho,REPUBLICANOS,BA,https://dadosabertos.camara.leg.br/api/v2/deputados/150418
204522,Marco Bertaiolli,PSD,SP,https://dadosabertos.camara.leg.br/api/v2/deputados/204522
219585,Marco Brasil,PP,PR,https://dadosabertos.camara.leg.br/api/v2/deputados/219585
160535,Marcon,PT,RS,https://dadosabertos.camara.leg.br/api/v2/deputados/160535
204431,Marcos Aurélio Sampaio,PSD,PI,https://dadosabertos.camara.leg.br/api/v2/deputados/204431
204506,Marcos Pereira,REPUBLICANOS,SP,https://dadosabertos.camara.leg.br/api/v2/deputados/204506
220547,Marcos Pollon,PL,MS,https://dadosabertos.camara.leg.br/api/v2/deputados/220547
178943,Marcos Soares,UNIÃO,RJ,https://dadosabertos.camara.leg.br/api/v2/deputados/178943
220604,Marcos Tavares,PDT,RJ,https://dadosabertos.camara.leg.br/api/v2/deputados/220604
220668,Maria Arraes,SOLIDARIEDADE,PE,https://dadosabertos.camara.leg.br/api/v2/deputados/220668
74398,Maria do Rosário,PT,RS,https://dadosabertos.camara.leg.br/api/v2/deputados/74398
204540,Maria Rosas,REPUBLICANOS,SP,https://dadosabertos.camara.leg.br/api/v2/deputados/204540
227275,Mariana Carvalho,PSC,MA,https://dadosabertos.camara.leg.br/api/v2/deputados/227275
220637,Marina Silva,REDE,SP,https://dadosabertos.camara.leg.br/api/v2/deputados/220637
220655,Mario Frias,PL,SP,https://dadosabertos.camara.leg.br/api/v2/deputados/220655
74158,Mário Heringer,PDT,MG,https://dadosabertos.camara.leg.br/api/v2/deputados/74158
178858,Mário Negromonte Jr.,PP,BA,https://dadosabertos.camara.leg.br/api/v2/deputados/178858
204566,Marreca Filho,PATRIOTA,MA,https://dadosabertos.camara.leg.br/api/v2/deputados/204566
220572,Marussa Boldrin,MDB,GO,https://dadosabertos.camara.leg.br/api/v2/deputados/220572
178843,Marx Beltrão,PP,AL,https://dadosabertos.camara.leg.br/api/v2/deputados/178843
220661,Matheus Noronha,PL,CE,https://dadosabertos.camara.leg.br/api/v2/deputados/220661
220609,Maurício Carvalho,UNIÃO,RO,https://dadosabertos.camara.leg.br/api/v2/deputados/220609
220628,Mauricio do Vôlei,PL,MG,https://dadosabertos.camara.leg.br/api/v2/deputados/220628
220550,Mauricio Marcon,PODE,RS,https://dadosabertos.camara.leg.br/api/v2/deputados/220550
220647,Mauricio Neves,PP,SP,https://dadosabertos.camara.leg.br/api/v2/deputados/220647
204486,Mauro Benevides Filho,PDT,CE,https://dadosabertos.camara.leg.br/api/v2/deputados/204486
220607,Max Lemos,PROS,RJ,https://dadosabertos.camara.leg.br/api/v2/deputados/220607
220591,Meire Serafim,UNIÃO,AC,https://dadosabertos.camara.leg.br/api/v2/deputados/220591
74428,Mendonça Filho,UNIÃO,PE,https://dadosabertos.camara.leg.br/api/v2/deputados/74428
188097,Merlong Solano,PT,PI,https://dadosabertos.camara.leg.br/api/v2/deputados/188097
220585,Mersinho Lucena,PP,PB,https://dadosabertos.camara.leg.br/api/v2/deputados/220585
220530,Messias Donato,REPUBLICANOS,ES,https://dadosabertos.camara.leg.br/api/v2/deputados/220530
171786,Miguel Ângelo,PT,MG,https://dadosabertos.camara.leg.br/api/v2/deputados/171786
178985,Miguel Lombardi,PL,SP,https://dadosabertos.camara.leg.br/api/v2/deputados/178985
154178,Milton Vieira,REPUBLICANOS,SP,https://dadosabertos.camara.leg.br/api/v2/deputados/154178
178895,Misael Varella,PSD,MG,https://dadosabertos.camara.leg.br/api/v2/deputados/178895
229225,Missionária Michele Collins,PP,PE,https://dadosabertos.camara.leg.br/api/v2/deputados/229225
160561,Missionário José Olimpio,PL,SP,https://dadosabertos.camara.leg.br/api/v2/deputados/160561
178997,Moses Rodrigues,UNIÃO,CE,https://dadosabertos.camara.leg.br/api/v2/deputados/178997
220617,Murillo Gouvea,UNIÃO,RJ,https://dadosabertos.camara.leg.br/api/v2/deputados/220617
220584,Murilo Galdino,REPUBLICANOS,PB,https://dadosabertos.camara.leg.br/api/v2/deputados/220584
204453,Natália Bonavides,PT,RN,https://dadosabertos.camara.leg.br/api/v2/deputados/204453
228042,Naumi Amorim,PSD,CE,https://dadosabertos.camara.leg.br/api/v2/deputados/228042
233218,Nelinho Freitas,MDB,CE,https://dadosabertos.camara.leg.br/api/v2/deputados/233218
204449,Nelson Barbudo,PL,MT,https://dadosabertos.camara.leg.br/api/v2/deputados/204449
220622,Nely Aquino,PODE,MG,https://dadosabertos.camara.leg.br/api/v2/deputados/220622
220703,Neto Carletto,PP,BA,https://dadosabertos.camara.leg.br/api/v2/deputados/220703
229939,Newton Bonin,UNIÃO,PR,https://dadosabertos.camara.leg.br/api/v2/deputados/229939
178896,Newton Cardoso Jr,MDB,MG,https://dadosabertos.camara.leg.br/api/v2/deputados/178896
204479,Nicoletti,UNIÃO,RR,https://dadosabertos.camara.leg.br/api/v2/deputados/204479
209787,Nikolas Ferreira,PL,MG,https://dadosabertos.camara.leg.br/api/v2/deputados/209787
178986,Nilto Tatto,PT,SP,https://dadosabertos.camara.leg.br/api/v2/deputados/178986
227660,Nitinho,PSD,SE,https://dadosabertos.camara.leg.br/api/v2/deputados/227660
74159,Odair Cunha,PT,MG,https://dadosabertos.camara.leg.br/api/v2/deputados/74159
204498,Olival Marques,MDB,PA,https://dadosabertos.camara.leg.br/api/v2/deputados/204498
178987,Orlando Silva,PCdoB,SP,https://dadosabertos.camara.leg.br/api/v2/deputados/178987
73692,Osmar Terra,MDB,RS,https://dadosabertos.camara.leg.br/api/v2/deputados/73692
204422,Ossesio Silva,REPUBLICANOS,PE,https://dadosabertos.camara.leg.br/api/v2/deputados/204422
204441,Otoni de Paula,MDB,RJ,https://dadosabertos.camara.leg.br/api/v2/deputados/204441
204573,Otto Alencar Filho,PSD,BA,https://dadosabertos.camara.leg.br/api/v2/deputados/204573
220706,Padovani,UNIÃO,PR,https://dadosabertos.camara.leg.br/api/v2/deputados/220706
160556,Padre João,PT,MG,https://dadosabertos.camara.leg.br/api/v2/deputados/160556
230762,Pastor Claudio Mariano,UNIÃO,PA,https://dadosabertos.camara.leg.br/api/v2/deputados/230762
180214,Pastor Diniz,UNIÃO,RR,https://dadosabertos.camara.leg.br/api/v2/deputados/180214
160642,Pastor Eurico,PL,PE,https://dadosabertos.camara.leg.br/api/v2/deputados/160642
204570,Pastor Gil,PL,MA,https://dadosabertos.camara.leg.br/api/v2/deputados/204570
220615,Pastor Henrique Vieira,PSOL,RJ,https://dadosabertos.camara.leg.br/api/v2/deputados/220615
204553,Pastor Sargento Isidório,AVANTE,BA,https://dadosabertos.camara.leg.br/api/v2/deputados/204553
74160,Patrus Ananias,PT,MG,https://dadosabertos.camara.leg.br/api/v2/deputados/74160
74095,Pauderney Avelino,UNIÃO,AM,https://dadosabertos.camara.leg.br/api/v2/deputados/74095
171617,Paulão,PT,AL,https://dadosabertos.camara.leg.br/api/v2/deputados/171617
141518,Paulinho da Força,SOLIDARIEDADE,SP,https://dadosabertos.camara.leg.br/api/v2/deputados/141518
220627,Paulinho Freire,UNIÃO,RN,https://dadosabertos.camara.leg.br/api/v2/deputados/220627
141516,Paulo Abi-Ackel,PSDB,MG,https://dadosabertos.camara.leg.br/api/v2/deputados/141516
220650,Paulo Alexandre Barbosa,PSDB,SP,https://dadosabertos.camara.leg.br/api/v2/deputados/220650
178860,Paulo Azi,UNIÃO,BA,https://dadosabertos.camara.leg.br/api/v2/deputados/178860
160517,Paulo Foletto,PSB,ES,https://dadosabertos.camara.leg.br/api/v2/deputados/160517
160558,Paulo Freire Costa,PL,SP,https://dadosabertos.camara.leg.br/api/v2/deputados/160558
204492,Paulo Guedes,PT,MG,https://dadosabertos.camara.leg.br/api/v2/deputados/204492
233592,Paulo Lemos,PSOL,AP,https://dadosabertos.camara.leg.br/api/v2/deputados/233592
220685,Paulo Litro,PSD,PR,https://dadosabertos.camara.leg.br/api/v2/deputados/220685
74574,Paulo Magalhães,PSD,BA,https://dadosabertos.camara.leg.br/api/v2/deputados/74574
128760,Paulo Marinho Jr,PL,MA,https://dadosabertos.camara.leg.br/api/v2/deputados/128760
74400,Paulo Pimenta,PT,RS,https://dadosabertos.camara.leg.br/api/v2/deputados/74400
141488,Paulo Teixeira,PT,SP,https://dadosabertos.camara.leg.br/api/v2/deputados/141488
220630,Pedro Aihara,PATRIOTA,MG,https://dadosabertos.camara.leg.br/api/v2/deputados/220630
220667,Pedro Campos,PSB,PE,https://dadosabertos.camara.leg.br/api/v2/deputados/220667
229112,Pedro Jr,PL,TO,https://dadosabertos.camara.leg.br/api/v2/deputados/229112
122974,Pedro Lucas Fernandes,UNIÃO,MA,https://dadosabertos.camara.leg.br/api/v2/deputados/122974
204395,Pedro Lupion,PP,PR,https://dadosabertos.camara.leg.br/api/v2/deputados/204395
122158,Pedro Paulo,PSD,RJ,https://dadosabertos.camara.leg.br/api/v2/deputados/122158
229259,Pedro Tourinho,PT,SP,https://dadosabertos.camara.leg.br/api/v2/deputados/229259
160604,Pedro Uczai,PT,SC,https://dadosabertos.camara.leg.br/api/v2/deputados/160604
204406,Pedro Westphalen,PP,RS,https://dadosabertos.camara.leg.br/api/v2/deputados/204406
161440,Pezenti,MDB,SC,https://dadosabertos.camara.leg.br/api/v2/deputados/161440
204524,Pinheirinho,PP,MG,https://dadosabertos.camara.leg.br/api/v2/deputados/204524
73486,Pompeo de Mattos,PDT,RS,https://dadosabertos.camara.leg.br/api/v2/deputados/73486
160601,Pr. Marco Feliciano,PL,SP,https://dadosabertos.camara.leg.br/api/v2/deputados/160601
226075,Priscila Costa,PL,CE,https://dadosabertos.camara.leg.br/api/v2/deputados/226075
89536,Prof. Paulo Fernando,REPUBLICANOS,DF,https://dadosabertos.camara.leg.br/api/v2/deputados/89536
220533,Prof. Reginaldo Veras,PV,DF,https://dadosabertos.camara.leg.br/api/v2/deputados/220533
204390,Professor Alcides,PL,GO,https://dadosabertos.camara.leg.br/api/v2/deputados/204390
220580,Professora Goreth,PDT,AP,https://dadosabertos.camara.leg.br/api/v2/deputados/220580
221338,Professora Luciene Cavalcante,PSOL,SP,https://dadosabertos.camara.leg.br/api/v2/deputados/221338
160641,Professora Marcivania,PCdoB,AP,https://dadosabertos.camara.leg.br/api/v2/deputados/160641
220586,Rafael Brito,MDB,AL,https://dadosabertos.camara.leg.br/api/v2/deputados/220586
233594,Rafael Fera,PODE,RO,https://dadosabertos.camara.leg.br/api/v2/deputados/233594
220532,Rafael Prudente,MDB,DF,https://dadosabertos.camara.leg.br/api/v2/deputados/220532
220626,Rafael Simoes,UNIÃO,MG,https://dadosabertos.camara.leg.br/api/v2/deputados/220626
204567,Raimundo Costa,PODE,BA,https://dadosabertos.camara.leg.br/api/v2/deputados/204567
74084,Raimundo Santos,PSD,PA,https://dadosabertos.camara.leg.br/api/v2/deputados/74084
115200,Raniery Paulino,REPUBLICANOS,PB,https://dadosabertos.camara.leg.br/api/v2/deputados/115200
74161,Reginaldo Lopes,PT,MG,https://dadosabertos.camara.leg.br/api/v2/deputados/74161
221378,Reginete Bispo,PT,RS,https://dadosabertos.camara.leg.br/api/v2/deputados/221378
220606,Reimont,PT,RJ,https://dadosabertos.camara.leg.br/api/v2/deputados/220606
205865,Reinhold Stephanes,PSD,PR,https://dadosabertos.camara.leg.br/api/v2/deputados/205865
225386,Renan Ferreirinha,PSD,RJ,https://dadosabertos.camara.leg.br/api/v2/deputados/225386
178989,Renata Abreu,PODE,SP,https://dadosabertos.camara.leg.br/api/v2/deputados/178989
153423,Renilce Nicodemos,MDB,PA,https://dadosabertos.camara.leg.br/api/v2/deputados/153423
73801,Renildo Calheiros,PCdoB,PE,https://dadosabertos.camara.leg.br/api/v2/deputados/73801
175765,Ribamar Silva,PSD,SP,https://dadosabertos.camara.leg.br/api/v2/deputados/175765
235088,Ribeiro Neto,PATRIOTA,MA,https://dadosabertos.camara.leg.br/api/v2/deputados/235088
221329,Ricardo Abrão,UNIÃO,RJ,https://dadosabertos.camara.leg.br/api/v2/deputados/221329
220543,Ricardo Ayres,REPUBLICANOS,TO,https://dadosabertos.camara.leg.br/api/v2/deputados/220543
73788,Ricardo Barros,PP,PR,https://dadosabertos.camara.leg.br/api/v2/deputados/73788
234310,Ricardo Galvão,REDE,SP,https://dadosabertos.camara.leg.br/api/v2/deputados/234310
204362,Ricardo Guidi,PSD,SC,https://dadosabertos.camara.leg.br/api/v2/deputados/204362
220694,Ricardo Maia,MDB,BA,https://dadosabertos.camara.leg.br/api/v2/deputados/220694
220633,Ricardo Salles,PL,SP,https://dadosabertos.camara.leg.br/api/v2/deputados/220633
213274,Ricardo Silva,PSD,SP,https://dadosabertos.camara.leg.br/api/v2/deputados/213274
204489,Robério Monteiro,PDT,CE,https://dadosabertos.camara.leg.br/api/v2/deputados/204489
220693,Roberta Roma,PL,BA,https://dadosabertos.camara.leg.br/api/v2/deputados/220693
220588,Roberto Duarte,REPUBLICANOS,AC,https://dadosabertos.camara.leg.br/api/v2/deputados/220588
220613,Roberto Monteiro,PL,RJ,https://dadosabertos.camara.leg.br/api/v2/deputados/220613
220624,Robinson Faria,PL,RN,https://dadosabertos.camara.leg.br/api/v2/deputados/220624
220546,Rodolfo Nogueira,PL,MS,https://dadosabertos.camara.leg.br/api/v2/deputados/220546
230767,Rodrigo da Zaeli,PL,MT,https://dadosabertos.camara.leg.br/api/v2/deputados/230767
141531,Rodrigo de Castro,UNIÃO,MG,https://dadosabertos.camara.leg.br/api/v2/deputados/141531
223128,Rodrigo Estacho,PSD,PR,https://dadosabertos.camara.leg.br/api/v2/deputados/223128
220641,Rodrigo Gambale,PODE,SP,https://dadosabertos.camara.leg.br/api/v2/deputados/220641
141533,Rodrigo Rollemberg,PSB,DF,https://dadosabertos.camara.leg.br/api/v2/deputados/141533
165470,Rodrigo Valadares,UNIÃO,SE,https://dadosabertos.camara.leg.br/api/v2/deputados/165470
220695,Rogéria Santos,REPUBLICANOS,BA,https://dadosabertos.camara.leg.br/api/v2/deputados/220695
204480,Rogério Correia,PT,MG,https://dadosabertos.camara.leg.br/api/v2/deputados/204480
160629,Romero Rodrigues,PSC,PB,https://dadosabertos.camara.leg.br/api/v2/deputados/160629
163321,Ronaldo Nogueira,REPUBLICANOS,RS,https://dadosabertos.camara.leg.br/api/v2/deputados/163321
204525,Rosana Valle,PL,SP,https://dadosabertos.camara.leg.br/api/v2/deputados/204525
178945,Rosangela Gomes,REPUBLICANOS,RJ,https://dadosabertos.camara.leg.br/api/v2/deputados/178945
220644,Rosangela Moro,UNIÃO,SP,https://dadosabertos.camara.leg.br/api/v2/deputados/220644
220620,Rosângela Reis,PL,MG,https://dadosabertos.camara.leg.br/api/v2/deputados/220620
73806,Roseana Sarney,MDB,MA,https://dadosabertos.camara.leg.br/api/v2/deputados/73806
74371,Rubens Otoni,PT,GO,https://dadosabertos.camara.leg.br/api/v2/deputados/74371
178887,Rubens Pereira Júnior,PT,MA,https://dadosabertos.camara.leg.br/api/v2/deputados/178887
73604,Rui Falcão,PT,SP,https://dadosabertos.camara.leg.br/api/v2/deputados/73604
160635,Ruy Carneiro,PSC,PB,https://dadosabertos.camara.leg.br/api/v2/deputados/160635
204535,Sâmia Bomfim,PSOL,SP,https://dadosabertos.camara.leg.br/api/v2/deputados/204535
233598,Samuel dos Santos,PSC,GO,https://dadosabertos.camara.leg.br/api/v2/deputados/233598
220631,Samuel Viana,PL,MG,https://dadosabertos.camara.leg.br/api/v2/deputados/220631
204416,Sanderson,PL,RS,https://dadosabertos.camara.leg.br/api/v2/deputados/204416
160621,Sandro Alex,PSD,PR,https://dadosabertos.camara.leg.br/api/v2/deputados/160621
204387,Sargento Fahur,PSD,PR,https://dadosabertos.camara.leg.br/api/v2/deputados/204387
220621,Sargento Gonçalves,PL,RN,https://dadosabertos.camara.leg.br/api/v2/deputados/220621
220618,Sargento Portugal,PODE,RJ,https://dadosabertos.camara.leg.br/api/v2/deputados/220618
220713,Saullo Vianna,UNIÃO,AM,https://dadosabertos.camara.leg.br/api/v2/deputados/220713
226837,Saulo Pedroso,PSD,SP,https://dadosabertos.camara.leg.br/api/v2/deputados/226837
73808,Sérgio Brito,PSD,BA,https://dadosabertos.camara.leg.br/api/v2/deputados/73808
77003,Sergio Santos Rodrigues,PODE,MG,https://dadosabertos.camara.leg.br/api/v2/deputados/77003
178933,Sergio Souza,MDB,PR,https://dadosabertos.camara.leg.br/api/v2/deputados/178933
235776,Sérgio Turra,PP,RS,https://dadosabertos.camara.leg.br/api/v2/deputados/235776
204557,Sidney Leite,PSD,AM,https://dadosabertos.camara.leg.br/api/v2/deputados/204557
74356,Silas Câmara,REPUBLICANOS,AM,https://dadosabertos.camara.leg.br/api/v2/deputados/74356
204360,Silvia Cristina,PL,RO,https://dadosabertos.camara.leg.br/api/v2/deputados/204360
220579,Silvia Waiãpi,PL,AP,https://dadosabertos.camara.leg.br/api/v2/deputados/220579
227310,Silvio Antonio,PL,MA,https://dadosabertos.camara.leg.br/api/v2/deputados/227310
204425,Silvio Costa Filho,REPUBLICANOS,PE,https://dadosabertos.camara.leg.br/api/v2/deputados/204425
220569,Silvye Alves,UNIÃO,GO,https://dadosabertos.camara.leg.br/api/v2/deputados/220569
220651,Simone Marquetto,MDB,SP,https://dadosabertos.camara.leg.br/api/v2/deputados/220651
104552,Socorro Neri,PP,AC,https://dadosabertos.camara.leg.br/api/v2/deputados/104552
222565,Soldado Noelio,UNIÃO,CE,https://dadosabertos.camara.leg.br/api/v2/deputados/222565
220643,Sônia Guajajara,PSOL,SP,https://dadosabertos.camara.leg.br/api/v2/deputados/220643
220575,Sonize Barbosa,PL,AP,https://dadosabertos.camara.leg.br/api/v2/deputados/220575
178946,Soraya Santos,PL,RJ,https://dadosabertos.camara.leg.br/api/v2/deputados/178946
178947,Sóstenes Cavalcante,PL,RJ,https://dadosabertos.camara.leg.br/api/v2/deputados/178947
92776,Stefano Aguiar,PSD,MG,https://dadosabertos.camara.leg.br/api/v2/deputados/92776
204534,Tabata Amaral,PSB,SP,https://dadosabertos.camara.leg.br/api/v2/deputados/204534
230177,Tadeu Oliveira,PL,CE,https://dadosabertos.camara.leg.br/api/v2/deputados/230177
220682,Tadeu Veneri,PT,PR,https://dadosabertos.camara.leg.br/api/v2/deputados/220682
204464,Talíria Petrone,PSOL,RJ,https://dadosabertos.camara.leg.br/api/v2/deputados/204464
220598,Tarcísio Motta,PSOL,RJ,https://dadosabertos.camara.leg.br/api/v2/deputados/220598
220552,Tenente Coronel Zucco,REPUBLICANOS,RS,https://dadosabertos.camara.leg.br/api/v2/deputados/220552
220560,Thiago de Joaldo,PP,SE,https://dadosabertos.camara.leg.br/api/v2/deputados/220560
220597,Thiago Flores,MDB,RO,https://dadosabertos.camara.leg.br/api/v2/deputados/220597
143084,Tiago Dimas,PODE,TO,https://dadosabertos.camara.leg.br/api/v2/deputados/143084
220684,Tião Medeiros,PP,PR,https://dadosabertos.camara.leg.br/api/v2/deputados/220684
160976,Tiririca,PL,SP,https://dadosabertos.camara.leg.br/api/v2/deputados/160976
178934,Toninho Wandscheer,PROS,PR,https://dadosabertos.camara.leg.br/api/v2/deputados/178934
157130,Túlio Gadêlha,REDE,PE,https://dadosabertos.camara.leg.br/api/v2/deputados/157130
223398,Ulisses Guimarães,MDB,MG,https://dadosabertos.camara.leg.br/api/v2/deputados/223398
160610,Valmir Assunção,PT,BA,https://dadosabertos.camara.leg.br/api/v2/deputados/160610
74376,Vander Loubet,PT,MS,https://dadosabertos.camara.leg.br/api/v2/deputados/74376
234673,Vanderlan Alves,UNIÃO,CE,https://dadosabertos.camara.leg.br/api/v2/deputados/234673
235712,Vavá,AVANTE,MG,https://dadosabertos.camara.leg.br/api/v2/deputados/235712
204396,Vermelho,PL,PR,https://dadosabertos.camara.leg.br/api/v2/deputados/204396
74283,Vicentinho,PT,SP,https://dadosabertos.camara.leg.br/api/v2/deputados/74283
137070,Vicentinho Júnior,PP,TO,https://dadosabertos.camara.leg.br/api/v2/deputados/137070
141555,Vinicius Carvalho,REPUBLICANOS,SP,https://dadosabertos.camara.leg.br/api/v2/deputados/141555
160591,Vinicius Gurgel,PL,AP,https://dadosabertos.camara.leg.br/api/v2/deputados/160591
178992,Vitor Lippi,PSDB,SP,https://dadosabertos.camara.leg.br/api/v2/deputados/178992
91228,Waldemar Oliveira,AVANTE,PE,https://dadosabertos.camara.leg.br/api/v2/deputados/91228
160569,Waldenor Pereira,PT,BA,https://dadosabertos.camara.leg.br/api/v2/deputados/160569
220601,Washington Quaquá,PT,RJ,https://dadosabertos.camara.leg.br/api/v2/deputados/220601
160518,Weliton Prado,PROS,MG,https://dadosabertos.camara.leg.br/api/v2/deputados/160518
74043,Wellington Roberto,PL,PB,https://dadosabertos.camara.leg.br/api/v2/deputados/74043
224333,Welter,PT,PR,https://dadosabertos.camara.leg.br/api/v2/deputados/224333
74044,Wilson Santiago,REPUBLICANOS,PB,https://dadosabertos.camara.leg.br/api/v2/deputados/74044
182146,Wolmer Araújo,PATRIOTA,MA,https://dadosabertos.camara.leg.br/api/v2/deputados/182146
220564,Yandra Moura,UNIÃO,SE,https://dadosabertos.camara.leg.br/api/v2/deputados/220564
220660,Yury do Paredão,PL,CE,https://dadosabertos.camara.leg.br/api/v2/deputados/220660
230768,Zé Adriano,PP,AC,https://dadosabertos.camara.leg.br/api/v2/deputados/230768
220536,Zé Haroldo Cathedral,PSD,RR,https://dadosabertos.camara.leg.br/api/v2/deputados/220536
204559,Zé Neto,PT,BA,https://dadosabertos.camara.leg.br/api/v2/deputados/204559
160632,Zé Silva,SOLIDARIEDADE,MG,https://dadosabertos.camara.leg.br/api/v2/deputados/160632
220558,Zé Trovão,PL,SC,https://dadosabertos.camara.leg.br/api/v2/deputados/220558
204517,Zé Vitor,PL,MG,https://dadosabertos.camara.leg.br/api/v2/deputados/204517
160592,Zeca Dirceu,PT,PR,https://dadosabertos.camara.leg.br/api/v2/deputados/160592
220592,Zezinho Barbary,PP,AC,https://dadosabertos.camara.leg.br/api/v2/deputados/220592
